{"cameraMode":{"drawMode":0,"name":"Shaded","section":"Shading Mode"},"sceneLighting":false,"audioPlay":false,"sceneViewState":{"showFog":true,"showMaterialUpdate":false,"showSkybox":true,"showFlares":true,"showImageEffects":true,"showParticleSystems":true},"in2DMode":false,"pivot":{"x":2.384185791015625e-7,"y":-9.5367431640625e-7,"z":-4.76837158203125e-7},"rotation":{"x":0.04675549641251564,"y":-0.03730005398392677,"z":0.0018469691276550294,"w":0.9982079863548279},"size":12.629205703735352,"orthographic":false}