{"cameraMode":{"drawMode":0,"name":"Shaded","section":"Shading Mode"},"sceneLighting":false,"audioPlay":false,"sceneViewState":{"showFog":true,"showMaterialUpdate":false,"showSkybox":true,"showFlares":true,"showImageEffects":true,"showParticleSystems":true},"in2DMode":false,"pivot":{"x":1.6699999570846558,"y":0.14000000059604646,"z":2.75},"rotation":{"x":0.21592919528484345,"y":-0.27158084511756899,"z":0.06277471035718918,"w":0.9357765913009644},"size":5.063448429107666,"orthographic":false}