{"cameraMode":{"drawMode":0,"name":"Shaded","section":"Shading Mode"},"sceneLighting":false,"audioPlay":false,"sceneViewState":{"showFog":true,"showMaterialUpdate":true,"showSkybox":true,"showFlares":true,"showImageEffects":true,"showParticleSystems":true},"in2DMode":false,"pivot":{"x":-12.920000076293946,"y":0.0,"z":-0.07999998331069946},"rotation":{"x":-0.051214657723903659,"y":0.6678810119628906,"z":0.046157099306583408,"w":0.7410678267478943},"size":4.4591450691223148,"orthographic":true}