{"cameraMode":{"drawMode":0,"name":"Shaded","section":"Shading Mode"},"sceneLighting":false,"audioPlay":false,"sceneViewState":{"showFog":true,"showMaterialUpdate":false,"showSkybox":true,"showFlares":true,"showImageEffects":true,"showParticleSystems":true},"in2DMode":false,"pivot":{"x":0.5399032831192017,"y":-8.970000267028809,"z":23.133634567260743},"rotation":{"x":-0.5881800651550293,"y":-0.0021231621503829958,"z":0.001421747263520956,"w":-0.8087260127067566},"size":2.663444995880127,"orthographic":false}