{"cameraMode":{"drawMode":0,"name":"Shaded","section":"Shading Mode"},"sceneLighting":false,"audioPlay":false,"sceneViewState":{"showFog":true,"showMaterialUpdate":false,"showSkybox":true,"showFlares":true,"showImageEffects":true,"showParticleSystems":true},"in2DMode":false,"pivot":{"x":12.948153495788575,"y":6.0804443359375,"z":21.17763328552246},"rotation":{"x":0.04675549641251564,"y":-0.03730005398392677,"z":0.0018469691276550294,"w":0.9982079863548279},"size":6.002129077911377,"orthographic":false}