{"cameraMode":{"drawMode":0,"name":"Shaded","section":"Shading Mode"},"sceneLighting":false,"audioPlay":false,"sceneViewState":{"showFog":true,"showMaterialUpdate":false,"showSkybox":true,"showFlares":true,"showImageEffects":true,"showParticleSystems":true},"in2DMode":false,"pivot":{"x":0.11957702785730362,"y":-7.321803569793701,"z":30.997941970825197},"rotation":{"x":-0.6379296183586121,"y":-0.0020294380374252798,"z":0.001552590518258512,"w":-0.7700904607772827},"size":12.900164604187012,"orthographic":false}