{"cameraMode":{"drawMode":0,"name":"Shaded","section":"Shading Mode"},"sceneLighting":false,"audioPlay":false,"sceneViewState":{"showFog":true,"showMaterialUpdate":false,"showSkybox":true,"showFlares":true,"showImageEffects":true,"showParticleSystems":true},"in2DMode":false,"pivot":{"x":0.20916473865509034,"y":-9.020882606506348,"z":22.83087730407715},"rotation":{"x":0.17406417429447175,"y":-0.3355458676815033,"z":0.06334534287452698,"w":0.9236330986022949},"size":1.1841554641723633,"orthographic":false}