{"cameraMode":{"drawMode":0,"name":"Shaded","section":"Shading Mode"},"sceneLighting":false,"audioPlay":false,"sceneViewState":{"showFog":true,"showMaterialUpdate":false,"showSkybox":true,"showFlares":true,"showImageEffects":true,"showParticleSystems":true},"in2DMode":false,"pivot":{"x":1.3500657081604005,"y":-2.604794979095459,"z":1.4741020202636719},"rotation":{"x":0.794380247592926,"y":0.002735085552558303,"z":-0.003573965048417449,"w":0.6074041128158569},"size":12.939126968383789,"orthographic":true}