{"cameraMode":{"drawMode":0,"name":"Shaded","section":"Shading Mode"},"sceneLighting":false,"audioPlay":false,"sceneViewState":{"showFog":true,"showMaterialUpdate":false,"showSkybox":true,"showFlares":true,"showImageEffects":true,"showParticleSystems":true},"in2DMode":false,"pivot":{"x":1.0084681510925294,"y":0.2194814682006836,"z":-5.68234920501709},"rotation":{"x":0.7720115780830383,"y":-0.0007679989212192595,"z":0.0009271088056266308,"w":0.6356074213981628},"size":15.632213592529297,"orthographic":true}